,Pokemon_Name,Type1,Type2,HP,Attack,Defense,Special_Attack,Special_Defense,Speed,Height_M,Weight_KG,Legendary
1,Bulbasaur,Grass,Poison,45.0,49.0,49.0,65.0,65.0,45.0,0.7,6.9,0
2,Ivysaur,Grass,Poison,60.0,62.0,63.0,80.0,80.0,60.0,1.0,13.0,0
3,Venusaur,Grass,Poison,80.0,82.0,83.0,100.0,100.0,80.0,2.0,100.0,0
4,Charmander,Fire,,39.0,52.0,43.0,60.0,50.0,65.0,0.6,8.5,0
5,Charmeleon,Fire,,58.0,64.0,58.0,80.0,65.0,80.0,1.1,19.0,0
6,Charizard,Fire,Flying,78.0,84.0,78.0,109.0,85.0,100.0,1.7,90.5,0
7,Squirtle,Water,,44.0,48.0,65.0,50.0,64.0,43.0,0.5,9.0,0
8,Wartortle,Water,,59.0,63.0,80.0,65.0,80.0,58.0,1.0,22.5,0
9,Blastoise,Water,,79.0,83.0,100.0,85.0,105.0,78.0,1.6,85.5,0
10,Caterpie,Bug,,45.0,30.0,35.0,20.0,20.0,45.0,0.3,2.9,0
11,Metapod,Bug,,50.0,20.0,55.0,25.0,25.0,30.0,0.7,9.9,0
12,Butterfree,Bug,Flying,60.0,45.0,50.0,90.0,80.0,70.0,1.1,32.0,0
13,Weedle,Bug,Poison,40.0,35.0,30.0,20.0,20.0,50.0,0.3,3.2,0
14,Kakuna,Bug,Poison,45.0,25.0,50.0,25.0,25.0,35.0,0.6,10.0,0
15,Beedrill,Bug,Poison,65.0,90.0,40.0,45.0,80.0,75.0,1.0,29.5,0
16,Pidgey,Normal,Flying,40.0,45.0,40.0,35.0,35.0,56.0,0.3,1.8,0
17,Pidgeotto,Normal,Flying,63.0,60.0,55.0,50.0,50.0,71.0,1.1,30.0,0
18,Pidgeot,Normal,Flying,83.0,80.0,75.0,70.0,70.0,101.0,1.5,39.5,0
19,Rattata,Normal,,30.0,56.0,35.0,25.0,35.0,72.0,0.3,3.5,0
20,Raticate,Normal,,55.0,81.0,60.0,50.0,70.0,97.0,0.7,18.5,0
21,Spearow,Normal,Flying,40.0,60.0,30.0,31.0,31.0,70.0,0.3,2.0,0
22,Fearow,Normal,Flying,65.0,90.0,65.0,61.0,61.0,100.0,1.2,38.0,0
23,Ekans,Poison,,35.0,60.0,44.0,40.0,54.0,55.0,2.0,6.9,0
24,Arbok,Poison,,60.0,95.0,69.0,65.0,79.0,80.0,3.5,65.0,0
25,Pikachu,Electric,,35.0,55.0,40.0,50.0,50.0,90.0,0.4,6.0,0
26,Raichu,Electric,,60.0,90.0,55.0,90.0,80.0,110.0,0.8,30.0,0
27,Sandshrew,Ground,,50.0,75.0,85.0,20.0,30.0,40.0,0.6,12.0,0
28,Sandslash,Ground,,75.0,100.0,110.0,45.0,55.0,65.0,1.0,29.5,0
29,Nidoranf,Poison,,55.0,47.0,52.0,40.0,40.0,41.0,0.4,7.0,0
30,Nidorina,Poison,,70.0,62.0,67.0,55.0,55.0,56.0,0.8,20.0,0
31,Nidoqueen,Poison,Ground,90.0,92.0,87.0,75.0,85.0,76.0,1.3,60.0,0
32,Nidoranm,Poison,,46.0,57.0,40.0,40.0,40.0,50.0,0.5,9.0,0
33,Nidorino,Poison,,61.0,72.0,57.0,55.0,55.0,65.0,0.9,19.5,0
34,Nidoking,Poison,Ground,81.0,102.0,77.0,85.0,75.0,85.0,1.4,62.0,0
35,Clefairy,Fairy,,70.0,45.0,48.0,60.0,65.0,35.0,0.6,7.5,0
36,Clefable,Fairy,,95.0,70.0,73.0,95.0,90.0,60.0,1.3,40.0,0
37,Vulpix,Fire,,38.0,41.0,40.0,50.0,65.0,65.0,0.6,9.9,0
38,Ninetales,Fire,,73.0,76.0,75.0,81.0,100.0,100.0,1.1,19.9,0
39,Jigglypuff,Normal,Fairy,115.0,45.0,20.0,45.0,25.0,20.0,0.5,5.5,0
40,Wigglytuff,Normal,Fairy,140.0,70.0,45.0,85.0,50.0,45.0,1.0,12.0,0
41,Zubat,Poison,Flying,40.0,45.0,35.0,30.0,40.0,55.0,0.8,7.5,0
42,Golbat,Poison,Flying,75.0,80.0,70.0,65.0,75.0,90.0,1.6,55.0,0
43,Oddish,Grass,Poison,45.0,50.0,55.0,75.0,65.0,30.0,0.5,5.4,0
44,Gloom,Grass,Poison,60.0,65.0,70.0,85.0,75.0,40.0,0.8,8.6,0
45,Vileplume,Grass,Poison,75.0,80.0,85.0,110.0,90.0,50.0,1.2,18.6,0
46,Paras,Bug,Grass,35.0,70.0,55.0,45.0,55.0,25.0,0.3,5.4,0
47,Parasect,Bug,Grass,60.0,95.0,80.0,60.0,80.0,30.0,1.0,29.5,0
48,Venonat,Bug,Poison,60.0,55.0,50.0,40.0,55.0,45.0,1.0,30.0,0
49,Venomoth,Bug,Poison,70.0,65.0,60.0,90.0,75.0,90.0,1.5,12.5,0
50,Diglett,Ground,,10.0,55.0,25.0,35.0,45.0,95.0,0.2,0.8,0
51,Dugtrio,Ground,,35.0,100.0,50.0,50.0,70.0,120.0,0.7,33.3,0
52,Meowth,Normal,,40.0,45.0,35.0,40.0,40.0,90.0,0.4,4.2,0
53,Persian,Normal,,65.0,70.0,60.0,65.0,65.0,115.0,1.0,32.0,0
54,Psyduck,Water,,50.0,52.0,48.0,65.0,50.0,55.0,0.8,19.6,0
55,Golduck,Water,,80.0,82.0,78.0,95.0,80.0,85.0,1.7,76.6,0
56,Mankey,Fighting,,40.0,80.0,35.0,35.0,45.0,70.0,0.5,28.0,0
57,Primeape,Fighting,,65.0,105.0,60.0,60.0,70.0,95.0,1.0,32.0,0
58,Growlithe,Fire,,55.0,70.0,45.0,70.0,50.0,60.0,0.7,19.0,0
59,Arcanine,Fire,,90.0,110.0,80.0,100.0,80.0,95.0,1.9,155.0,0
60,Poliwag,Water,,40.0,50.0,40.0,40.0,40.0,90.0,0.6,12.4,0
61,Poliwhirl,Water,,65.0,65.0,65.0,50.0,50.0,90.0,1.0,20.0,0
62,Poliwrath,Water,Fighting,90.0,95.0,95.0,70.0,90.0,70.0,1.3,54.0,0
63,Abra,Psychic,,25.0,20.0,15.0,105.0,55.0,90.0,0.9,19.5,0
64,Kadabra,Psychic,,40.0,35.0,30.0,120.0,70.0,105.0,1.3,56.5,0
65,Alakazam,Psychic,,55.0,50.0,45.0,135.0,95.0,120.0,1.5,48.0,0
66,Machop,Fighting,,70.0,80.0,50.0,35.0,35.0,35.0,0.8,19.5,0
67,Machoke,Fighting,,80.0,100.0,70.0,50.0,60.0,45.0,1.5,70.5,0
68,Machamp,Fighting,,90.0,130.0,80.0,65.0,85.0,55.0,1.6,130.0,0
69,Bellsprout,Grass,Poison,50.0,75.0,35.0,70.0,30.0,40.0,0.7,4.0,0
70,Weepinbell,Grass,Poison,65.0,90.0,50.0,85.0,45.0,55.0,1.0,6.4,0
71,Victreebel,Grass,Poison,80.0,105.0,65.0,100.0,70.0,70.0,1.7,15.5,0
72,Tentacool,Water,Poison,40.0,40.0,35.0,50.0,100.0,70.0,0.9,45.5,0
73,Tentacruel,Water,Poison,80.0,70.0,65.0,80.0,120.0,100.0,1.6,55.0,0
74,Geodude,Rock,Ground,40.0,80.0,100.0,30.0,30.0,20.0,0.4,20.0,0
75,Graveler,Rock,Ground,55.0,95.0,115.0,45.0,45.0,35.0,1.0,105.0,0
76,Golem,Rock,Ground,80.0,120.0,130.0,55.0,65.0,45.0,1.4,300.0,0
77,Ponyta,Fire,,50.0,85.0,55.0,65.0,65.0,90.0,1.0,30.0,0
78,Rapidash,Fire,,65.0,100.0,70.0,80.0,80.0,105.0,1.7,95.0,0
79,Slowpoke,Water,Psychic,90.0,65.0,65.0,40.0,40.0,15.0,1.2,36.0,0
80,Slowbro,Water,Psychic,95.0,75.0,110.0,100.0,80.0,30.0,1.6,78.5,0
81,Magnemite,Electric,Steel,25.0,35.0,70.0,95.0,55.0,45.0,0.3,6.0,0
82,Magneton,Electric,Steel,50.0,60.0,95.0,120.0,70.0,70.0,1.0,60.0,0
83,Farfetch'd,Normal,Flying,52.0,90.0,55.0,58.0,62.0,60.0,0.8,15.0,0
84,Doduo,Normal,Flying,35.0,85.0,45.0,35.0,35.0,75.0,1.4,39.2,0
85,Dodrio,Normal,Flying,60.0,110.0,70.0,60.0,60.0,110.0,1.8,85.2,0
86,Seel,Water,,65.0,45.0,55.0,45.0,70.0,45.0,1.1,90.0,0
87,Dewgong,Water,Ice,90.0,70.0,80.0,70.0,95.0,70.0,1.7,120.0,0
88,Grimer,Poison,,80.0,80.0,50.0,40.0,50.0,25.0,0.9,30.0,0
89,Muk,Poison,,105.0,105.0,75.0,65.0,100.0,50.0,1.2,30.0,0
90,Shellder,Water,,30.0,65.0,100.0,45.0,25.0,40.0,0.3,4.0,0
91,Cloyster,Water,Ice,50.0,95.0,180.0,85.0,45.0,70.0,1.5,132.5,0
92,Gastly,Ghost,Poison,30.0,35.0,30.0,100.0,35.0,80.0,1.3,0.1,0
93,Haunter,Ghost,Poison,45.0,50.0,45.0,115.0,55.0,95.0,1.6,0.1,0
94,Gengar,Ghost,Poison,60.0,65.0,60.0,130.0,75.0,110.0,1.5,40.5,0
95,Onix,Rock,Ground,35.0,45.0,160.0,30.0,45.0,70.0,8.8,210.0,0
96,Drowzee,Psychic,,60.0,48.0,45.0,43.0,90.0,42.0,1.0,32.4,0
97,Hypno,Psychic,,85.0,73.0,70.0,73.0,115.0,67.0,1.6,75.6,0
98,Krabby,Water,,30.0,105.0,90.0,25.0,25.0,50.0,0.4,6.5,0
99,Kingler,Water,,55.0,130.0,115.0,50.0,50.0,75.0,1.3,60.0,0
100,Voltorb,Electric,,40.0,30.0,50.0,55.0,55.0,100.0,0.5,10.4,0
101,Electrode,Electric,,60.0,50.0,70.0,80.0,80.0,150.0,1.2,66.6,0
102,Exeggcute,Grass,Psychic,60.0,40.0,80.0,60.0,45.0,40.0,0.4,2.5,0
103,Exeggutor,Grass,Psychic,95.0,95.0,85.0,125.0,75.0,55.0,2.0,120.0,0
104,Cubone,Ground,,50.0,50.0,95.0,40.0,50.0,35.0,0.4,6.5,0
105,Marowak,Ground,,60.0,80.0,110.0,50.0,80.0,45.0,1.0,45.0,0
106,Hitmonlee,Fighting,,50.0,120.0,53.0,35.0,110.0,87.0,1.5,49.8,0
107,Hitmonchan,Fighting,,50.0,105.0,79.0,35.0,110.0,76.0,1.4,50.2,0
108,Lickitung,Normal,,90.0,55.0,75.0,60.0,75.0,30.0,1.2,65.5,0
109,Koffing,Poison,,40.0,65.0,95.0,60.0,45.0,35.0,0.6,1.0,0
110,Weezing,Poison,,65.0,90.0,120.0,85.0,70.0,60.0,1.2,9.5,0
111,Rhyhorn,Ground,Rock,80.0,85.0,95.0,30.0,30.0,25.0,1.0,115.0,0
112,Rhydon,Ground,Rock,105.0,130.0,120.0,45.0,45.0,40.0,1.9,120.0,0
113,Chansey,Normal,,250.0,5.0,5.0,35.0,105.0,50.0,1.1,34.6,0
114,Tangela,Grass,,65.0,55.0,115.0,100.0,40.0,60.0,1.0,35.0,0
115,Kangaskhan,Normal,,105.0,95.0,80.0,40.0,80.0,90.0,2.2,80.0,0
116,Horsea,Water,,30.0,40.0,70.0,70.0,25.0,60.0,0.4,8.0,0
117,Seadra,Water,,55.0,65.0,95.0,95.0,45.0,85.0,1.2,25.0,0
118,Goldeen,Water,,45.0,67.0,60.0,35.0,50.0,63.0,0.6,15.0,0
119,Seaking,Water,,80.0,92.0,65.0,65.0,80.0,68.0,1.3,39.0,0
120,Staryu,Water,,30.0,45.0,55.0,70.0,55.0,85.0,0.8,34.5,0
121,Starmie,Water,Psychic,60.0,75.0,85.0,100.0,85.0,115.0,1.1,80.0,0
122,Mr. Mime,Psychic,Fairy,40.0,45.0,65.0,100.0,120.0,90.0,1.3,54.5,0
123,Scyther,Bug,Flying,70.0,110.0,80.0,55.0,80.0,105.0,1.5,56.0,0
124,Jynx,Ice,Psychic,65.0,50.0,35.0,115.0,95.0,95.0,1.4,40.6,0
125,Electabuzz,Electric,,65.0,83.0,57.0,95.0,85.0,105.0,1.1,30.0,0
126,Magmar,Fire,,65.0,95.0,57.0,100.0,85.0,93.0,1.3,44.5,0
127,Pinsir,Bug,,65.0,125.0,100.0,55.0,70.0,85.0,1.5,55.0,0
128,Tauros,Normal,,75.0,100.0,95.0,40.0,70.0,110.0,1.4,88.4,0
129,Magikarp,Water,,20.0,10.0,55.0,15.0,20.0,80.0,0.9,10.0,0
130,Gyarados,Water,Flying,95.0,125.0,79.0,60.0,100.0,81.0,6.5,235.0,0
131,Lapras,Water,Ice,130.0,85.0,80.0,85.0,95.0,60.0,2.5,220.0,0
132,Ditto,Normal,,48.0,48.0,48.0,48.0,48.0,48.0,0.3,4.0,0
133,Eevee,Normal,,55.0,55.0,50.0,45.0,65.0,55.0,0.3,6.5,0
134,Vaporeon,Water,,130.0,65.0,60.0,110.0,95.0,65.0,1.0,29.0,0
135,Jolteon,Electric,,65.0,65.0,60.0,110.0,95.0,130.0,0.8,24.5,0
136,Flareon,Fire,,65.0,130.0,60.0,95.0,110.0,65.0,0.9,25.0,0
137,Porygon,Normal,,65.0,60.0,70.0,85.0,75.0,40.0,0.8,36.5,0
138,Omanyte,Rock,Water,35.0,40.0,100.0,90.0,55.0,35.0,0.4,7.5,0
139,Omastar,Rock,Water,70.0,60.0,125.0,115.0,70.0,55.0,1.0,35.0,0
140,Kabuto,Rock,Water,30.0,80.0,90.0,55.0,45.0,55.0,0.5,11.5,0
141,Kabutops,Rock,Water,60.0,115.0,105.0,65.0,70.0,80.0,1.3,40.5,0
142,Aerodactyl,Rock,Flying,80.0,105.0,65.0,60.0,75.0,130.0,1.8,59.0,0
143,Snorlax,Normal,,160.0,110.0,65.0,65.0,110.0,30.0,2.1,460.0,0
144,Articuno,Ice,Flying,90.0,85.0,100.0,95.0,125.0,85.0,1.7,55.4,1
145,Zapdos,Electric,Flying,90.0,90.0,85.0,125.0,90.0,100.0,1.6,52.6,1
146,Moltres,Fire,Flying,90.0,100.0,90.0,125.0,85.0,90.0,2.0,60.0,1
147,Dratini,Dragon,,41.0,64.0,45.0,50.0,50.0,50.0,1.8,3.3,0
148,Dragonair,Dragon,,61.0,84.0,65.0,70.0,70.0,70.0,4.0,16.5,0
149,Dragonite,Dragon,Flying,91.0,134.0,95.0,100.0,100.0,80.0,2.2,210.0,0
150,Mewtwo,Psychic,,106.0,110.0,90.0,154.0,90.0,130.0,2.0,122.0,1
151,Mew,Psychic,,100.0,100.0,100.0,100.0,100.0,100.0,0.4,4.0,1
152,Chikorita,Grass,,45.0,49.0,65.0,49.0,65.0,45.0,0.9,6.4,0
153,Bayleef,Grass,,60.0,62.0,80.0,63.0,80.0,60.0,1.2,15.8,0
154,Meganium,Grass,,80.0,82.0,100.0,83.0,100.0,80.0,1.8,100.5,0
155,Cyndaquil,Fire,,39.0,52.0,43.0,60.0,50.0,65.0,0.5,7.9,0
156,Quilava,Fire,,58.0,64.0,58.0,80.0,65.0,80.0,0.9,19.0,0
157,Typhlosion,Fire,,78.0,84.0,78.0,109.0,85.0,100.0,1.7,79.5,0
158,Totodile,Water,,50.0,65.0,64.0,44.0,48.0,43.0,0.6,9.5,0
159,Croconaw,Water,,65.0,80.0,80.0,59.0,63.0,58.0,1.1,25.0,0
160,Feraligatr,Water,,85.0,105.0,100.0,79.0,83.0,78.0,2.3,88.8,0
161,Sentret,Normal,,35.0,46.0,34.0,35.0,45.0,20.0,0.8,6.0,0
162,Furret,Normal,,85.0,76.0,64.0,45.0,55.0,90.0,1.8,32.5,0
163,Hoothoot,Normal,Flying,60.0,30.0,30.0,36.0,56.0,50.0,0.7,21.2,0
164,Noctowl,Normal,Flying,100.0,50.0,50.0,86.0,96.0,70.0,1.6,40.8,0
165,Ledyba,Bug,Flying,40.0,20.0,30.0,40.0,80.0,55.0,1.0,10.8,0
166,Ledian,Bug,Flying,55.0,35.0,50.0,55.0,110.0,85.0,1.4,35.6,0
167,Spinarak,Bug,Poison,40.0,60.0,40.0,40.0,40.0,30.0,0.5,8.5,0
168,Ariados,Bug,Poison,70.0,90.0,70.0,60.0,70.0,40.0,1.1,33.5,0
169,Crobat,Poison,Flying,85.0,90.0,80.0,70.0,80.0,130.0,1.8,75.0,0
170,Chinchou,Water,Electric,75.0,38.0,38.0,56.0,56.0,67.0,0.5,12.0,0
171,Lanturn,Water,Electric,125.0,58.0,58.0,76.0,76.0,67.0,1.2,22.5,0
172,Pichu,Electric,,20.0,40.0,15.0,35.0,35.0,60.0,0.3,2.0,0
173,Cleffa,Fairy,,50.0,25.0,28.0,45.0,55.0,15.0,0.3,3.0,0
174,Igglybuff,Normal,Fairy,90.0,30.0,15.0,40.0,20.0,15.0,0.3,1.0,0
175,Togepi,Fairy,,35.0,20.0,65.0,40.0,65.0,20.0,0.3,1.5,0
176,Togetic,Fairy,Flying,55.0,40.0,85.0,80.0,105.0,40.0,0.6,3.2,0
177,Natu,Psychic,Flying,40.0,50.0,45.0,70.0,45.0,70.0,0.2,2.0,0
178,Xatu,Psychic,Flying,65.0,75.0,70.0,95.0,70.0,95.0,1.5,15.0,0
179,Mareep,Electric,,55.0,40.0,40.0,65.0,45.0,35.0,0.6,7.8,0
180,Flaaffy,Electric,,70.0,55.0,55.0,80.0,60.0,45.0,0.8,13.3,0
181,Ampharos,Electric,,90.0,75.0,85.0,115.0,90.0,55.0,1.4,61.5,0
182,Bellossom,Grass,,75.0,80.0,95.0,90.0,100.0,50.0,0.4,5.8,0
183,Marill,Water,Fairy,70.0,20.0,50.0,20.0,50.0,40.0,0.4,8.5,0
184,Azumarill,Water,Fairy,100.0,50.0,80.0,60.0,80.0,50.0,0.8,28.5,0
185,Sudowoodo,Rock,,70.0,100.0,115.0,30.0,65.0,30.0,1.2,38.0,0
186,Politoed,Water,,90.0,75.0,75.0,90.0,100.0,70.0,1.1,33.9,0
187,Hoppip,Grass,Flying,35.0,35.0,40.0,35.0,55.0,50.0,0.4,0.5,0
188,Skiploom,Grass,Flying,55.0,45.0,50.0,45.0,65.0,80.0,0.6,1.0,0
189,Jumpluff,Grass,Flying,75.0,55.0,70.0,55.0,95.0,110.0,0.8,3.0,0
190,Aipom,Normal,,55.0,70.0,55.0,40.0,55.0,85.0,0.8,11.5,0
191,Sunkern,Grass,,30.0,30.0,30.0,30.0,30.0,30.0,0.3,1.8,0
192,Sunflora,Grass,,75.0,75.0,55.0,105.0,85.0,30.0,0.8,8.5,0
193,Yanma,Bug,Flying,65.0,65.0,45.0,75.0,45.0,95.0,1.2,38.0,0
194,Wooper,Water,Ground,55.0,45.0,45.0,25.0,25.0,15.0,0.4,8.5,0
195,Quagsire,Water,Ground,95.0,85.0,85.0,65.0,65.0,35.0,1.4,75.0,0
196,Espeon,Psychic,,65.0,65.0,60.0,130.0,95.0,110.0,0.9,26.5,0
197,Umbreon,Dark,,95.0,65.0,110.0,60.0,130.0,65.0,1.0,27.0,0
198,Murkrow,Dark,Flying,60.0,85.0,42.0,85.0,42.0,91.0,0.5,2.1,0
199,Slowking,Water,Psychic,95.0,75.0,80.0,100.0,110.0,30.0,2.0,79.5,0
200,Misdreavus,Ghost,,60.0,60.0,60.0,85.0,85.0,85.0,0.7,1.0,0
201,Unown,Psychic,,48.0,72.0,48.0,72.0,48.0,48.0,0.5,5.0,0
202,Wobbuffet,Psychic,,190.0,33.0,58.0,33.0,58.0,33.0,1.3,28.5,0
203,Girafarig,Normal,Psychic,70.0,80.0,65.0,90.0,65.0,85.0,1.5,41.5,0
204,Pineco,Bug,,50.0,65.0,90.0,35.0,35.0,15.0,0.6,7.2,0
205,Forretress,Bug,Steel,75.0,90.0,140.0,60.0,60.0,40.0,1.2,125.8,0
206,Dunsparce,Normal,,100.0,70.0,70.0,65.0,65.0,45.0,1.5,14.0,0
207,Gligar,Ground,Flying,65.0,75.0,105.0,35.0,65.0,85.0,1.1,64.8,0
208,Steelix,Steel,Ground,75.0,85.0,200.0,55.0,65.0,30.0,9.2,400.0,0
209,Snubbull,Fairy,,60.0,80.0,50.0,40.0,40.0,30.0,0.6,7.8,0
210,Granbull,Fairy,,90.0,120.0,75.0,60.0,60.0,45.0,1.4,48.7,0
211,Qwilfish,Water,Poison,65.0,95.0,85.0,55.0,55.0,85.0,0.5,3.9,0
212,Scizor,Bug,Steel,70.0,130.0,100.0,55.0,80.0,65.0,1.8,118.0,0
213,Shuckle,Bug,Rock,20.0,10.0,230.0,10.0,230.0,5.0,0.6,20.5,0
214,Heracross,Bug,Fighting,80.0,125.0,75.0,40.0,95.0,85.0,1.5,54.0,0
215,Sneasel,Dark,Ice,55.0,95.0,55.0,35.0,75.0,115.0,0.9,28.0,0
216,Teddiursa,Normal,,60.0,80.0,50.0,50.0,50.0,40.0,0.6,8.8,0
217,Ursaring,Normal,,90.0,130.0,75.0,75.0,75.0,55.0,1.8,125.8,0
218,Slugma,Fire,,40.0,40.0,40.0,70.0,40.0,20.0,0.7,35.0,0
219,Magcargo,Fire,Rock,60.0,50.0,120.0,90.0,80.0,30.0,0.8,55.0,0
220,Swinub,Ice,Ground,50.0,50.0,40.0,30.0,30.0,50.0,0.4,6.5,0
221,Piloswine,Ice,Ground,100.0,100.0,80.0,60.0,60.0,50.0,1.1,55.8,0
222,Corsola,Water,Rock,65.0,55.0,95.0,65.0,95.0,35.0,0.6,5.0,0
223,Remoraid,Water,,35.0,65.0,35.0,65.0,35.0,65.0,0.6,12.0,0
224,Octillery,Water,,75.0,105.0,75.0,105.0,75.0,45.0,0.9,28.5,0
225,Delibird,Ice,Flying,45.0,55.0,45.0,65.0,45.0,75.0,0.9,16.0,0
226,Mantine,Water,Flying,85.0,40.0,70.0,80.0,140.0,70.0,2.1,220.0,0
227,Skarmory,Steel,Flying,65.0,80.0,140.0,40.0,70.0,70.0,1.7,50.5,0
228,Houndour,Dark,Fire,45.0,60.0,30.0,80.0,50.0,65.0,0.6,10.8,0
229,Houndoom,Dark,Fire,75.0,90.0,50.0,110.0,80.0,95.0,1.4,35.0,0
230,Kingdra,Water,Dragon,75.0,95.0,95.0,95.0,95.0,85.0,1.8,152.0,0
231,Phanpy,Ground,,90.0,60.0,60.0,40.0,40.0,40.0,0.5,33.5,0
232,Donphan,Ground,,90.0,120.0,120.0,60.0,60.0,50.0,1.1,120.0,0
233,Porygon2,Normal,,85.0,80.0,90.0,105.0,95.0,60.0,0.6,32.5,0
234,Stantler,Normal,,73.0,95.0,62.0,85.0,65.0,85.0,1.4,71.2,0
235,Smeargle,Normal,,55.0,20.0,35.0,20.0,45.0,75.0,1.2,58.0,0
236,Tyrogue,Fighting,,35.0,35.0,35.0,35.0,35.0,35.0,0.7,21.0,0
237,Hitmontop,Fighting,,50.0,95.0,95.0,35.0,110.0,70.0,1.4,48.0,0
238,Smoochum,Ice,Psychic,45.0,30.0,15.0,85.0,65.0,65.0,0.4,6.0,0
239,Elekid,Electric,,45.0,63.0,37.0,65.0,55.0,95.0,0.6,23.5,0
240,Magby,Fire,,45.0,75.0,37.0,70.0,55.0,83.0,0.7,21.4,0
241,Miltank,Normal,,95.0,80.0,105.0,40.0,70.0,100.0,1.2,75.5,0
242,Blissey,Normal,,255.0,10.0,10.0,75.0,135.0,55.0,1.5,46.8,0
243,Raikou,Electric,,90.0,85.0,75.0,115.0,100.0,115.0,1.9,178.0,1
244,Entei,Fire,,115.0,115.0,85.0,90.0,75.0,100.0,2.1,198.0,1
245,Suicune,Water,,100.0,75.0,115.0,90.0,115.0,85.0,2.0,187.0,1
246,Larvitar,Rock,Ground,50.0,64.0,50.0,45.0,50.0,41.0,0.6,72.0,0
247,Pupitar,Rock,Ground,70.0,84.0,70.0,65.0,70.0,51.0,1.2,152.0,0
248,Tyranitar,Rock,Dark,100.0,134.0,110.0,95.0,100.0,61.0,2.0,202.0,0
249,Lugia,Psychic,Flying,106.0,90.0,130.0,90.0,154.0,110.0,5.2,216.0,1
250,Ho-oh,Fire,Flying,106.0,130.0,90.0,110.0,154.0,90.0,3.8,199.0,0
251,Celebi,Psychic,Grass,100.0,100.0,100.0,100.0,100.0,100.0,0.6,5.0,1
252,Treecko,Grass,,40.0,45.0,35.0,65.0,55.0,70.0,0.5,5.0,0
253,Grovyle,Grass,,50.0,65.0,45.0,85.0,65.0,95.0,0.9,21.6,0
254,Sceptile,Grass,,70.0,85.0,65.0,105.0,85.0,120.0,1.7,52.2,0
255,Torchic,Fire,,45.0,60.0,40.0,70.0,50.0,45.0,0.4,2.5,0
256,Combusken,Fire,Fighting,60.0,85.0,60.0,85.0,60.0,55.0,0.9,19.5,0
257,Blaziken,Fire,Fighting,80.0,120.0,70.0,110.0,70.0,80.0,1.9,52.0,0
258,Mudkip,Water,,50.0,70.0,50.0,50.0,50.0,40.0,0.4,7.6,0
259,Marshtomp,Water,Ground,70.0,85.0,70.0,60.0,70.0,50.0,0.7,28.0,0
260,Swampert,Water,Ground,100.0,110.0,90.0,85.0,90.0,60.0,1.5,81.9,0
261,Poochyena,Dark,,35.0,55.0,35.0,30.0,30.0,35.0,0.5,13.6,0
262,Mightyena,Dark,,70.0,90.0,70.0,60.0,60.0,70.0,1.0,37.0,0
263,Zigzagoon,Normal,,38.0,30.0,41.0,30.0,41.0,60.0,0.4,17.5,0
264,Linoone,Normal,,78.0,70.0,61.0,50.0,61.0,100.0,0.5,32.5,0
265,Wurmple,Bug,,45.0,45.0,35.0,20.0,30.0,20.0,0.3,3.6,0
266,Silcoon,Bug,,50.0,35.0,55.0,25.0,25.0,15.0,0.6,10.0,0
267,Beautifly,Bug,Flying,60.0,70.0,50.0,100.0,50.0,65.0,1.0,28.4,0
268,Cascoon,Bug,,50.0,35.0,55.0,25.0,25.0,15.0,0.7,11.5,0
269,Dustox,Bug,Poison,60.0,50.0,70.0,50.0,90.0,65.0,1.2,31.6,0
270,Lotad,Water,Grass,40.0,30.0,30.0,40.0,50.0,30.0,0.5,2.6,0
271,Lombre,Water,Grass,60.0,50.0,50.0,60.0,70.0,50.0,1.2,32.5,0
272,Ludicolo,Water,Grass,80.0,70.0,70.0,90.0,100.0,70.0,1.5,55.0,0
273,Seedot,Grass,,40.0,40.0,50.0,30.0,30.0,30.0,0.5,4.0,0
274,Nuzleaf,Grass,Dark,70.0,70.0,40.0,60.0,40.0,60.0,1.0,28.0,0
275,Shiftry,Grass,Dark,90.0,100.0,60.0,90.0,60.0,80.0,1.3,59.6,0
276,Taillow,Normal,Flying,40.0,55.0,30.0,30.0,30.0,85.0,0.3,2.3,0
277,Swellow,Normal,Flying,60.0,85.0,60.0,75.0,50.0,125.0,0.7,19.8,0
278,Wingull,Water,Flying,40.0,30.0,30.0,55.0,30.0,85.0,0.6,9.5,0
279,Pelipper,Water,Flying,60.0,50.0,100.0,95.0,70.0,65.0,1.2,28.0,0
280,Ralts,Psychic,Fairy,28.0,25.0,25.0,45.0,35.0,40.0,0.4,6.6,0
281,Kirlia,Psychic,Fairy,38.0,35.0,35.0,65.0,55.0,50.0,0.8,20.2,0
282,Gardevoir,Psychic,Fairy,68.0,65.0,65.0,125.0,115.0,80.0,1.6,48.4,0
283,Surskit,Bug,Water,40.0,30.0,32.0,50.0,52.0,65.0,0.5,1.7,0
284,Masquerain,Bug,Flying,70.0,60.0,62.0,100.0,82.0,80.0,0.8,3.6,0
285,Shroomish,Grass,,60.0,40.0,60.0,40.0,60.0,35.0,0.4,4.5,0
286,Breloom,Grass,Fighting,60.0,130.0,80.0,60.0,60.0,70.0,1.2,39.2,0
287,Slakoth,Normal,,60.0,60.0,60.0,35.0,35.0,30.0,0.8,24.0,0
288,Vigoroth,Normal,,80.0,80.0,80.0,55.0,55.0,90.0,1.4,46.5,0
289,Slaking,Normal,,150.0,160.0,100.0,95.0,65.0,100.0,2.0,130.5,0
290,Nincada,Bug,Ground,31.0,45.0,90.0,30.0,30.0,40.0,0.5,5.5,0
291,Ninjask,Bug,Flying,61.0,90.0,45.0,50.0,50.0,160.0,0.8,12.0,0
292,Shedinja,Bug,Ghost,1.0,90.0,45.0,30.0,30.0,40.0,0.8,1.2,0
293,Whismur,Normal,,64.0,51.0,23.0,51.0,23.0,28.0,0.6,16.3,0
294,Loudred,Normal,,84.0,71.0,43.0,71.0,43.0,48.0,1.0,40.5,0
295,Exploud,Normal,,104.0,91.0,63.0,91.0,73.0,68.0,1.5,84.0,0
296,Makuhita,Fighting,,72.0,60.0,30.0,20.0,30.0,25.0,1.0,86.4,0
297,Hariyama,Fighting,,144.0,120.0,60.0,40.0,60.0,50.0,2.3,253.8,0
298,Azurill,Normal,Fairy,50.0,20.0,40.0,20.0,40.0,20.0,0.2,2.0,0
299,Nosepass,Rock,,30.0,45.0,135.0,45.0,90.0,30.0,1.0,97.0,0
300,Skitty,Normal,,50.0,45.0,45.0,35.0,35.0,50.0,0.6,11.0,0
301,Delcatty,Normal,,70.0,65.0,65.0,55.0,55.0,90.0,1.1,32.6,0
302,Sableye,Dark,Ghost,50.0,75.0,75.0,65.0,65.0,50.0,0.5,11.0,0
303,Mawile,Steel,Fairy,50.0,85.0,85.0,55.0,55.0,50.0,0.6,11.5,0
304,Aron,Steel,Rock,50.0,70.0,100.0,40.0,40.0,30.0,0.4,60.0,0
305,Lairon,Steel,Rock,60.0,90.0,140.0,50.0,50.0,40.0,0.9,120.0,0
306,Aggron,Steel,Rock,70.0,110.0,180.0,60.0,60.0,50.0,2.1,360.0,0
307,Meditite,Fighting,Psychic,30.0,40.0,55.0,40.0,55.0,60.0,0.6,11.2,0
308,Medicham,Fighting,Psychic,60.0,60.0,75.0,60.0,75.0,80.0,1.3,31.5,0
309,Electrike,Electric,,40.0,45.0,40.0,65.0,40.0,65.0,0.6,15.2,0
310,Manectric,Electric,,70.0,75.0,60.0,105.0,60.0,105.0,1.5,40.2,0
311,Plusle,Electric,,60.0,50.0,40.0,85.0,75.0,95.0,0.4,4.2,0
312,Minun,Electric,,60.0,40.0,50.0,75.0,85.0,95.0,0.4,4.2,0
313,Volbeat,Bug,,65.0,73.0,75.0,47.0,85.0,85.0,0.7,17.7,0
314,Illumise,Bug,,65.0,47.0,75.0,73.0,85.0,85.0,0.6,17.7,0
315,Roselia,Grass,Poison,50.0,60.0,45.0,100.0,80.0,65.0,0.3,2.0,0
316,Gulpin,Poison,,70.0,43.0,53.0,43.0,53.0,40.0,0.4,10.3,0
317,Swalot,Poison,,100.0,73.0,83.0,73.0,83.0,55.0,1.7,80.0,0
318,Carvanha,Water,Dark,45.0,90.0,20.0,65.0,20.0,65.0,0.8,20.8,0
319,Sharpedo,Water,Dark,70.0,120.0,40.0,95.0,40.0,95.0,1.8,88.8,0
320,Wailmer,Water,,130.0,70.0,35.0,70.0,35.0,60.0,2.0,130.0,0
321,Wailord,Water,,170.0,90.0,45.0,90.0,45.0,60.0,14.5,398.0,0
322,Numel,Fire,Ground,60.0,60.0,40.0,65.0,45.0,35.0,0.7,24.0,0
323,Camerupt,Fire,Ground,70.0,100.0,70.0,105.0,75.0,40.0,1.9,220.0,0
324,Torkoal,Fire,,70.0,85.0,140.0,85.0,70.0,20.0,0.5,80.4,0
325,Spoink,Psychic,,60.0,25.0,35.0,70.0,80.0,60.0,0.7,30.6,0
326,Grumpig,Psychic,,80.0,45.0,65.0,90.0,110.0,80.0,0.9,71.5,0
327,Spinda,Normal,,60.0,60.0,60.0,60.0,60.0,60.0,1.1,5.0,0
328,Trapinch,Ground,,45.0,100.0,45.0,45.0,45.0,10.0,0.7,15.0,0
329,Vibrava,Ground,Dragon,50.0,70.0,50.0,50.0,50.0,70.0,1.1,15.3,0
330,Flygon,Ground,Dragon,80.0,100.0,80.0,80.0,80.0,100.0,2.0,82.0,0
331,Cacnea,Grass,,50.0,85.0,40.0,85.0,40.0,35.0,0.4,51.3,0
332,Cacturne,Grass,Dark,70.0,115.0,60.0,115.0,60.0,55.0,1.3,77.4,0
333,Swablu,Normal,Flying,45.0,40.0,60.0,40.0,75.0,50.0,0.4,1.2,0
334,Altaria,Dragon,Flying,75.0,70.0,90.0,70.0,105.0,80.0,1.1,20.6,0
335,Zangoose,Normal,,73.0,115.0,60.0,60.0,60.0,90.0,1.3,40.3,0
336,Seviper,Poison,,73.0,100.0,60.0,100.0,60.0,65.0,2.7,52.5,0
337,Lunatone,Rock,Psychic,90.0,55.0,65.0,95.0,85.0,70.0,1.0,168.0,0
338,Solrock,Rock,Psychic,90.0,95.0,85.0,55.0,65.0,70.0,1.2,154.0,0
339,Barboach,Water,Ground,50.0,48.0,43.0,46.0,41.0,60.0,0.4,1.9,0
340,Whiscash,Water,Ground,110.0,78.0,73.0,76.0,71.0,60.0,0.9,23.6,0
341,Corphish,Water,,43.0,80.0,65.0,50.0,35.0,35.0,0.6,11.5,0
342,Crawdaunt,Water,Dark,63.0,120.0,85.0,90.0,55.0,55.0,1.1,32.8,0
343,Baltoy,Ground,Psychic,40.0,40.0,55.0,40.0,70.0,55.0,0.5,21.5,0
344,Claydol,Ground,Psychic,60.0,70.0,105.0,70.0,120.0,75.0,1.5,108.0,0
345,Lileep,Rock,Grass,66.0,41.0,77.0,61.0,87.0,23.0,1.0,23.8,0
346,Cradily,Rock,Grass,86.0,81.0,97.0,81.0,107.0,43.0,1.5,60.4,0
347,Anorith,Rock,Bug,45.0,95.0,50.0,40.0,50.0,75.0,0.7,12.5,0
348,Armaldo,Rock,Bug,75.0,125.0,100.0,70.0,80.0,45.0,1.5,68.2,0
349,Feebas,Water,,20.0,15.0,20.0,10.0,55.0,80.0,0.6,7.4,0
350,Milotic,Water,,95.0,60.0,79.0,100.0,125.0,81.0,6.2,162.0,0
351,Castform,Normal,,70.0,70.0,70.0,70.0,70.0,70.0,0.3,0.8,0
352,Kecleon,Normal,,60.0,90.0,70.0,60.0,120.0,40.0,1.0,22.0,0
353,Shuppet,Ghost,,44.0,75.0,35.0,63.0,33.0,45.0,0.6,2.3,0
354,Banette,Ghost,,64.0,115.0,65.0,83.0,63.0,65.0,1.1,12.5,0
355,Duskull,Ghost,,20.0,40.0,90.0,30.0,90.0,25.0,0.8,15.0,0
356,Dusclops,Ghost,,40.0,70.0,130.0,60.0,130.0,25.0,1.6,30.6,0
357,Tropius,Grass,Flying,99.0,68.0,83.0,72.0,87.0,51.0,2.0,100.0,0
358,Chimecho,Psychic,,75.0,50.0,80.0,95.0,90.0,65.0,0.6,1.0,0
359,Absol,Dark,,65.0,130.0,60.0,75.0,60.0,75.0,1.2,47.0,0
360,Wynaut,Psychic,,95.0,23.0,48.0,23.0,48.0,23.0,0.6,14.0,0
361,Snorunt,Ice,,50.0,50.0,50.0,50.0,50.0,50.0,0.7,16.8,0
362,Glalie,Ice,,80.0,80.0,80.0,80.0,80.0,80.0,1.5,256.5,0
363,Spheal,Ice,Water,70.0,40.0,50.0,55.0,50.0,25.0,0.8,39.5,0
364,Sealeo,Ice,Water,90.0,60.0,70.0,75.0,70.0,45.0,1.1,87.6,0
365,Walrein,Ice,Water,110.0,80.0,90.0,95.0,90.0,65.0,1.4,150.6,0
366,Clamperl,Water,,35.0,64.0,85.0,74.0,55.0,32.0,0.4,52.5,0
367,Huntail,Water,,55.0,104.0,105.0,94.0,75.0,52.0,1.7,27.0,0
368,Gorebyss,Water,,55.0,84.0,105.0,114.0,75.0,52.0,1.8,22.6,0
369,Relicanth,Water,Rock,100.0,90.0,130.0,45.0,65.0,55.0,1.0,23.4,0
370,Luvdisc,Water,,43.0,30.0,55.0,40.0,65.0,97.0,0.6,8.7,0
371,Bagon,Dragon,,45.0,75.0,60.0,40.0,30.0,50.0,0.6,42.1,0
372,Shelgon,Dragon,,65.0,95.0,100.0,60.0,50.0,50.0,1.1,110.5,0
373,Salamence,Dragon,Flying,95.0,135.0,80.0,110.0,80.0,100.0,1.5,102.6,0
374,Beldum,Steel,Psychic,40.0,55.0,80.0,35.0,60.0,30.0,0.6,95.2,0
375,Metang,Steel,Psychic,60.0,75.0,100.0,55.0,80.0,50.0,1.2,202.5,0
376,Metagross,Steel,Psychic,80.0,135.0,130.0,95.0,90.0,70.0,1.6,550.0,0
377,Regirock,Rock,,80.0,100.0,200.0,50.0,100.0,50.0,1.7,230.0,1
378,Regice,Ice,,80.0,50.0,100.0,100.0,200.0,50.0,1.8,175.0,1
379,Registeel,Steel,,80.0,75.0,150.0,75.0,150.0,50.0,1.9,205.0,1
380,Latias,Dragon,Psychic,80.0,80.0,90.0,110.0,130.0,110.0,1.4,40.0,1
381,Latios,Dragon,Psychic,80.0,90.0,80.0,130.0,110.0,110.0,2.0,60.0,1
382,Kyogre,Water,,100.0,100.0,90.0,150.0,140.0,90.0,4.5,352.0,1
383,Groudon,Ground,,100.0,150.0,140.0,100.0,90.0,90.0,3.5,950.0,1
384,Rayquaza,Dragon,Flying,105.0,150.0,90.0,150.0,90.0,95.0,7.0,206.5,1
385,Jirachi,Steel,Psychic,100.0,100.0,100.0,100.0,100.0,100.0,0.3,1.1,1
386,Deoxys,Psychic,,50.0,150.0,50.0,150.0,50.0,150.0,1.7,60.8,1
387,Turtwig,Grass,,55.0,68.0,64.0,45.0,55.0,31.0,0.4,10.2,0
388,Grotle,Grass,,75.0,89.0,85.0,55.0,65.0,36.0,1.1,97.0,0
389,Torterra,Grass,Ground,95.0,109.0,105.0,75.0,85.0,56.0,2.2,310.0,0
390,Chimchar,Fire,,44.0,58.0,44.0,58.0,44.0,61.0,0.5,6.2,0
391,Monferno,Fire,Fighting,64.0,78.0,52.0,78.0,52.0,81.0,0.9,22.0,0
392,Infernape,Fire,Fighting,76.0,104.0,71.0,104.0,71.0,108.0,1.2,55.0,0
393,Piplup,Water,,53.0,51.0,53.0,61.0,56.0,40.0,0.4,5.2,0
394,Prinplup,Water,,64.0,66.0,68.0,81.0,76.0,50.0,0.8,23.0,0
395,Empoleon,Water,Steel,84.0,86.0,88.0,111.0,101.0,60.0,1.7,84.5,0
396,Starly,Normal,Flying,40.0,55.0,30.0,30.0,30.0,60.0,0.3,2.0,0
397,Staravia,Normal,Flying,55.0,75.0,50.0,40.0,40.0,80.0,0.6,15.5,0
398,Staraptor,Normal,Flying,85.0,120.0,70.0,50.0,60.0,100.0,1.2,24.9,0
399,Bidoof,Normal,,59.0,45.0,40.0,35.0,40.0,31.0,0.5,20.0,0
400,Bibarel,Normal,Water,79.0,85.0,60.0,55.0,60.0,71.0,1.0,31.5,0
401,Kricketot,Bug,,37.0,25.0,41.0,25.0,41.0,25.0,0.3,2.2,0
402,Kricketune,Bug,,77.0,85.0,51.0,55.0,51.0,65.0,1.0,25.5,0
403,Shinx,Electric,,45.0,65.0,34.0,40.0,34.0,45.0,0.5,9.5,0
404,Luxio,Electric,,60.0,85.0,49.0,60.0,49.0,60.0,0.9,30.5,0
405,Luxray,Electric,,80.0,120.0,79.0,95.0,79.0,70.0,1.4,42.0,0
406,Budew,Grass,Poison,40.0,30.0,35.0,50.0,70.0,55.0,0.2,1.2,0
407,Roserade,Grass,Poison,60.0,70.0,65.0,125.0,105.0,90.0,0.9,14.5,0
408,Cranidos,Rock,,67.0,125.0,40.0,30.0,30.0,58.0,0.9,31.5,0
409,Rampardos,Rock,,97.0,165.0,60.0,65.0,50.0,58.0,1.6,102.5,0
410,Shieldon,Rock,Steel,30.0,42.0,118.0,42.0,88.0,30.0,0.5,57.0,0
411,Bastiodon,Rock,Steel,60.0,52.0,168.0,47.0,138.0,30.0,1.3,149.5,0
412,Burmy,Bug,,40.0,29.0,45.0,29.0,45.0,36.0,0.2,3.4,0
413,Wormadam,Bug,Grass,60.0,59.0,85.0,79.0,105.0,36.0,0.5,6.5,0
414,Mothim,Bug,Flying,70.0,94.0,50.0,94.0,50.0,66.0,0.9,23.3,0
415,Combee,Bug,Flying,30.0,30.0,42.0,30.0,42.0,70.0,0.3,5.5,0
416,Vespiquen,Bug,Flying,70.0,80.0,102.0,80.0,102.0,40.0,1.2,38.5,0
417,Pachirisu,Electric,,60.0,45.0,70.0,45.0,90.0,95.0,0.4,3.9,0
418,Buizel,Water,,55.0,65.0,35.0,60.0,30.0,85.0,0.7,29.5,0
419,Floatzel,Water,,85.0,105.0,55.0,85.0,50.0,115.0,1.1,33.5,0
420,Cherubi,Grass,,45.0,35.0,45.0,62.0,53.0,35.0,0.4,3.3,0
421,Cherrim,Grass,,70.0,60.0,70.0,87.0,78.0,85.0,0.5,9.3,0
422,Shellos,Water,,76.0,48.0,48.0,57.0,62.0,34.0,0.3,6.3,0
423,Gastrodon,Water,Ground,111.0,83.0,68.0,92.0,82.0,39.0,0.9,29.9,0
424,Ambipom,Normal,,75.0,100.0,66.0,60.0,66.0,115.0,1.2,20.3,0
425,Drifloon,Ghost,Flying,90.0,50.0,34.0,60.0,44.0,70.0,0.4,1.2,0
426,Drifblim,Ghost,Flying,150.0,80.0,44.0,90.0,54.0,80.0,1.2,15.0,0
427,Buneary,Normal,,55.0,66.0,44.0,44.0,56.0,85.0,0.4,5.5,0
428,Lopunny,Normal,,65.0,76.0,84.0,54.0,96.0,105.0,1.2,33.3,0
429,Mismagius,Ghost,,60.0,60.0,60.0,105.0,105.0,105.0,0.9,4.4,0
430,Honchkrow,Dark,Flying,100.0,125.0,52.0,105.0,52.0,71.0,0.9,27.3,0
431,Glameow,Normal,,49.0,55.0,42.0,42.0,37.0,85.0,0.5,3.9,0
432,Purugly,Normal,,71.0,82.0,64.0,64.0,59.0,112.0,1.0,43.8,0
433,Chingling,Psychic,,45.0,30.0,50.0,65.0,50.0,45.0,0.2,0.6,0
434,Stunky,Poison,Dark,63.0,63.0,47.0,41.0,41.0,74.0,0.4,19.2,0
435,Skuntank,Poison,Dark,103.0,93.0,67.0,71.0,61.0,84.0,1.0,38.0,0
436,Bronzor,Steel,Psychic,57.0,24.0,86.0,24.0,86.0,23.0,0.5,60.5,0
437,Bronzong,Steel,Psychic,67.0,89.0,116.0,79.0,116.0,33.0,1.3,187.0,0
438,Bonsly,Rock,,50.0,80.0,95.0,10.0,45.0,10.0,0.5,15.0,0
439,Mime Jr.,Psychic,Fairy,20.0,25.0,45.0,70.0,90.0,60.0,0.6,13.0,0
440,Happiny,Normal,,100.0,5.0,5.0,15.0,65.0,30.0,0.6,24.4,0
441,Chatot,Normal,Flying,76.0,65.0,45.0,92.0,42.0,91.0,0.5,1.9,0
442,Spiritomb,Ghost,Dark,50.0,92.0,108.0,92.0,108.0,35.0,1.0,108.0,0
443,Gible,Dragon,Ground,58.0,70.0,45.0,40.0,45.0,42.0,0.7,20.5,0
444,Gabite,Dragon,Ground,68.0,90.0,65.0,50.0,55.0,82.0,1.4,56.0,0
445,Garchomp,Dragon,Ground,108.0,130.0,95.0,80.0,85.0,102.0,1.9,95.0,0
446,Munchlax,Normal,,135.0,85.0,40.0,40.0,85.0,5.0,0.6,105.0,0
447,Riolu,Fighting,,40.0,70.0,40.0,35.0,40.0,60.0,0.7,20.2,0
448,Lucario,Fighting,Steel,70.0,110.0,70.0,115.0,70.0,90.0,1.2,54.0,0
449,Hippopotas,Ground,,68.0,72.0,78.0,38.0,42.0,32.0,0.8,49.5,0
450,Hippowdon,Ground,,108.0,112.0,118.0,68.0,72.0,47.0,2.0,300.0,0
451,Skorupi,Poison,Bug,40.0,50.0,90.0,30.0,55.0,65.0,0.8,12.0,0
452,Drapion,Poison,Dark,70.0,90.0,110.0,60.0,75.0,95.0,1.3,61.5,0
453,Croagunk,Poison,Fighting,48.0,61.0,40.0,61.0,40.0,50.0,0.7,23.0,0
454,Toxicroak,Poison,Fighting,83.0,106.0,65.0,86.0,65.0,85.0,1.3,44.4,0
455,Carnivine,Grass,,74.0,100.0,72.0,90.0,72.0,46.0,1.4,27.0,0
456,Finneon,Water,,49.0,49.0,56.0,49.0,61.0,66.0,0.4,7.0,0
457,Lumineon,Water,,69.0,69.0,76.0,69.0,86.0,91.0,1.2,24.0,0
458,Mantyke,Water,Flying,45.0,20.0,50.0,60.0,120.0,50.0,1.0,65.0,0
459,Snover,Grass,Ice,60.0,62.0,50.0,62.0,60.0,40.0,1.0,50.5,0
460,Abomasnow,Grass,Ice,90.0,92.0,75.0,92.0,85.0,60.0,2.2,135.5,0
461,Weavile,Dark,Ice,70.0,120.0,65.0,45.0,85.0,125.0,1.1,34.0,0
462,Magnezone,Electric,Steel,70.0,70.0,115.0,130.0,90.0,60.0,1.2,180.0,0
463,Lickilicky,Normal,,110.0,85.0,95.0,80.0,95.0,50.0,1.7,140.0,0
464,Rhyperior,Ground,Rock,115.0,140.0,130.0,55.0,55.0,40.0,2.4,282.8,0
465,Tangrowth,Grass,,100.0,100.0,125.0,110.0,50.0,50.0,2.0,128.6,0
466,Electivire,Electric,,75.0,123.0,67.0,95.0,85.0,95.0,1.8,138.6,0
467,Magmortar,Fire,,75.0,95.0,67.0,125.0,95.0,83.0,1.6,68.0,0
468,Togekiss,Fairy,Flying,85.0,50.0,95.0,120.0,115.0,80.0,1.5,38.0,0
469,Yanmega,Bug,Flying,86.0,76.0,86.0,116.0,56.0,95.0,1.9,51.5,0
470,Leafeon,Grass,,65.0,110.0,130.0,60.0,65.0,95.0,1.0,25.5,0
471,Glaceon,Ice,,65.0,60.0,110.0,130.0,95.0,65.0,0.8,25.9,0
472,Gliscor,Ground,Flying,75.0,95.0,125.0,45.0,75.0,95.0,2.0,42.5,0
473,Mamoswine,Ice,Ground,110.0,130.0,80.0,70.0,60.0,80.0,2.5,291.0,0
474,Porygon-Z,Normal,,85.0,80.0,70.0,135.0,75.0,90.0,0.9,34.0,0
475,Gallade,Psychic,Fighting,68.0,125.0,65.0,65.0,115.0,80.0,1.6,52.0,0
476,Probopass,Rock,Steel,60.0,55.0,145.0,75.0,150.0,40.0,1.4,340.0,0
477,Dusknoir,Ghost,,45.0,100.0,135.0,65.0,135.0,45.0,2.2,106.6,0
478,Froslass,Ice,Ghost,70.0,80.0,70.0,80.0,70.0,110.0,1.3,26.6,0
479,Rotom,Electric,Ghost,50.0,50.0,77.0,95.0,77.0,91.0,0.3,0.3,0
480,Uxie,Psychic,,75.0,75.0,130.0,75.0,130.0,95.0,0.3,0.3,1
481,Mesprit,Psychic,,80.0,105.0,105.0,105.0,105.0,80.0,0.3,0.3,1
482,Azelf,Psychic,,75.0,125.0,70.0,125.0,70.0,115.0,0.3,0.3,1
483,Dialga,Steel,Dragon,100.0,120.0,120.0,150.0,100.0,90.0,5.4,683.0,1
484,Palkia,Water,Dragon,90.0,120.0,100.0,150.0,120.0,100.0,4.2,336.0,1
485,Heatran,Fire,Steel,91.0,90.0,106.0,130.0,106.0,77.0,1.7,430.0,1
486,Regigigas,Normal,,110.0,160.0,110.0,80.0,110.0,100.0,3.7,420.0,1
487,Giratina,Ghost,Dragon,150.0,100.0,120.0,100.0,120.0,90.0,4.5,750.0,1
488,Cresselia,Psychic,,120.0,70.0,120.0,75.0,130.0,85.0,1.5,85.6,1
489,Phione,Water,,80.0,80.0,80.0,80.0,80.0,80.0,0.4,3.1,1
490,Manaphy,Water,,100.0,100.0,100.0,100.0,100.0,100.0,0.3,1.4,1
491,Darkrai,Dark,,70.0,90.0,90.0,135.0,90.0,125.0,1.5,50.5,1
492,Shaymin,Grass,,100.0,100.0,100.0,100.0,100.0,100.0,0.2,2.1,1
493,Arceus,Normal,,120.0,120.0,120.0,120.0,120.0,120.0,3.2,320.0,1
494,Victini,Psychic,Fire,100.0,100.0,100.0,100.0,100.0,100.0,0.4,4.0,1
495,Snivy,Grass,,45.0,45.0,55.0,45.0,55.0,63.0,0.6,8.1,0
496,Servine,Grass,,60.0,60.0,75.0,60.0,75.0,83.0,0.8,16.0,0
497,Serperior,Grass,,75.0,75.0,95.0,75.0,95.0,113.0,3.3,63.0,0
498,Tepig,Fire,,65.0,63.0,45.0,45.0,45.0,45.0,0.5,9.9,0
499,Pignite,Fire,Fighting,90.0,93.0,55.0,70.0,55.0,55.0,1.0,55.5,0
500,Emboar,Fire,Fighting,110.0,123.0,65.0,100.0,65.0,65.0,1.6,150.0,0
501,Oshawott,Water,,55.0,55.0,45.0,63.0,45.0,45.0,0.5,5.9,0
502,Dewott,Water,,75.0,75.0,60.0,83.0,60.0,60.0,0.8,24.5,0
503,Samurott,Water,,95.0,100.0,85.0,108.0,70.0,70.0,1.5,94.6,0
504,Patrat,Normal,,45.0,55.0,39.0,35.0,39.0,42.0,0.5,11.6,0
505,Watchog,Normal,,60.0,85.0,69.0,60.0,69.0,77.0,1.1,27.0,0
506,Lillipup,Normal,,45.0,60.0,45.0,25.0,45.0,55.0,0.4,4.1,0
507,Herdier,Normal,,65.0,80.0,65.0,35.0,65.0,60.0,0.9,14.7,0
508,Stoutland,Normal,,85.0,110.0,90.0,45.0,90.0,80.0,1.2,61.0,0
509,Purrloin,Dark,,41.0,50.0,37.0,50.0,37.0,66.0,0.4,10.1,0
510,Liepard,Dark,,64.0,88.0,50.0,88.0,50.0,106.0,1.1,37.5,0
511,Pansage,Grass,,50.0,53.0,48.0,53.0,48.0,64.0,0.6,10.5,0
512,Simisage,Grass,,75.0,98.0,63.0,98.0,63.0,101.0,1.1,30.5,0
513,Pansear,Fire,,50.0,53.0,48.0,53.0,48.0,64.0,0.6,11.0,0
514,Simisear,Fire,,75.0,98.0,63.0,98.0,63.0,101.0,1.0,28.0,0
515,Panpour,Water,,50.0,53.0,48.0,53.0,48.0,64.0,0.6,13.5,0
516,Simipour,Water,,75.0,98.0,63.0,98.0,63.0,101.0,1.0,29.0,0
517,Munna,Psychic,,76.0,25.0,45.0,67.0,55.0,24.0,0.6,23.3,0
518,Musharna,Psychic,,116.0,55.0,85.0,107.0,95.0,29.0,1.1,60.5,0
519,Pidove,Normal,Flying,50.0,55.0,50.0,36.0,30.0,43.0,0.3,2.1,0
520,Tranquill,Normal,Flying,62.0,77.0,62.0,50.0,42.0,65.0,0.6,15.0,0
521,Unfezant,Normal,Flying,80.0,115.0,80.0,65.0,55.0,93.0,1.2,29.0,0
522,Blitzle,Electric,,45.0,60.0,32.0,50.0,32.0,76.0,0.8,29.8,0
523,Zebstrika,Electric,,75.0,100.0,63.0,80.0,63.0,116.0,1.6,79.5,0
524,Roggenrola,Rock,,55.0,75.0,85.0,25.0,25.0,15.0,0.4,18.0,0
525,Boldore,Rock,,70.0,105.0,105.0,50.0,40.0,20.0,0.9,102.0,0
526,Gigalith,Rock,,85.0,135.0,130.0,60.0,80.0,25.0,1.7,260.0,0
527,Woobat,Psychic,Flying,65.0,45.0,43.0,55.0,43.0,72.0,0.4,2.1,0
528,Swoobat,Psychic,Flying,67.0,57.0,55.0,77.0,55.0,114.0,0.9,10.5,0
529,Drilbur,Ground,,60.0,85.0,40.0,30.0,45.0,68.0,0.3,8.5,0
530,Excadrill,Ground,Steel,110.0,135.0,60.0,50.0,65.0,88.0,0.7,40.4,0
531,Audino,Normal,,103.0,60.0,86.0,60.0,86.0,50.0,1.1,31.0,0
532,Timburr,Fighting,,75.0,80.0,55.0,25.0,35.0,35.0,0.6,12.5,0
533,Gurdurr,Fighting,,85.0,105.0,85.0,40.0,50.0,40.0,1.2,40.0,0
534,Conkeldurr,Fighting,,105.0,140.0,95.0,55.0,65.0,45.0,1.4,87.0,0
535,Tympole,Water,,50.0,50.0,40.0,50.0,40.0,64.0,0.5,4.5,0
536,Palpitoad,Water,Ground,75.0,65.0,55.0,65.0,55.0,69.0,0.8,17.0,0
537,Seismitoad,Water,Ground,105.0,95.0,75.0,85.0,75.0,74.0,1.5,62.0,0
538,Throh,Fighting,,120.0,100.0,85.0,30.0,85.0,45.0,1.3,55.5,0
539,Sawk,Fighting,,75.0,125.0,75.0,30.0,75.0,85.0,1.4,51.0,0
540,Sewaddle,Bug,Grass,45.0,53.0,70.0,40.0,60.0,42.0,0.3,2.5,0
541,Swadloon,Bug,Grass,55.0,63.0,90.0,50.0,80.0,42.0,0.5,7.3,0
542,Leavanny,Bug,Grass,75.0,103.0,80.0,70.0,80.0,92.0,1.2,20.5,0
543,Venipede,Bug,Poison,30.0,45.0,59.0,30.0,39.0,57.0,0.4,5.3,0
544,Whirlipede,Bug,Poison,40.0,55.0,99.0,40.0,79.0,47.0,1.2,58.5,0
545,Scolipede,Bug,Poison,60.0,100.0,89.0,55.0,69.0,112.0,2.5,200.5,0
546,Cottonee,Grass,Fairy,40.0,27.0,60.0,37.0,50.0,66.0,0.3,0.6,0
547,Whimsicott,Grass,Fairy,60.0,67.0,85.0,77.0,75.0,116.0,0.7,6.6,0
548,Petilil,Grass,,45.0,35.0,50.0,70.0,50.0,30.0,0.5,6.6,0
549,Lilligant,Grass,,70.0,60.0,75.0,110.0,75.0,90.0,1.1,16.3,0
550,Basculin,Water,,70.0,92.0,65.0,80.0,55.0,98.0,1.0,18.0,0
551,Sandile,Ground,Dark,50.0,72.0,35.0,35.0,35.0,65.0,0.7,15.2,0
552,Krokorok,Ground,Dark,60.0,82.0,45.0,45.0,45.0,74.0,1.0,33.4,0
553,Krookodile,Ground,Dark,95.0,117.0,80.0,65.0,70.0,92.0,1.5,96.3,0
554,Darumaka,Fire,,70.0,90.0,45.0,15.0,45.0,50.0,0.6,37.5,0
555,Darmanitan,Fire,,105.0,140.0,55.0,30.0,55.0,95.0,1.3,92.9,0
556,Maractus,Grass,,75.0,86.0,67.0,106.0,67.0,60.0,1.0,28.0,0
557,Dwebble,Bug,Rock,50.0,65.0,85.0,35.0,35.0,55.0,0.3,14.5,0
558,Crustle,Bug,Rock,70.0,105.0,125.0,65.0,75.0,45.0,1.4,200.0,0
559,Scraggy,Dark,Fighting,50.0,75.0,70.0,35.0,70.0,48.0,0.6,11.8,0
560,Scrafty,Dark,Fighting,65.0,90.0,115.0,45.0,115.0,58.0,1.1,30.0,0
561,Sigilyph,Psychic,Flying,72.0,58.0,80.0,103.0,80.0,97.0,1.4,14.0,0
562,Yamask,Ghost,,38.0,30.0,85.0,55.0,65.0,30.0,0.5,1.5,0
563,Cofagrigus,Ghost,,58.0,50.0,145.0,95.0,105.0,30.0,1.7,76.5,0
564,Tirtouga,Water,Rock,54.0,78.0,103.0,53.0,45.0,22.0,0.7,16.5,0
565,Carracosta,Water,Rock,74.0,108.0,133.0,83.0,65.0,32.0,1.2,81.0,0
566,Archen,Rock,Flying,55.0,112.0,45.0,74.0,45.0,70.0,0.5,9.5,0
567,Archeops,Rock,Flying,75.0,140.0,65.0,112.0,65.0,110.0,1.4,32.0,0
568,Trubbish,Poison,,50.0,50.0,62.0,40.0,62.0,65.0,0.6,31.0,0
569,Garbodor,Poison,,80.0,95.0,82.0,60.0,82.0,75.0,1.9,107.3,0
570,Zorua,Dark,,40.0,65.0,40.0,80.0,40.0,65.0,0.7,12.5,0
571,Zoroark,Dark,,60.0,105.0,60.0,120.0,60.0,105.0,1.6,81.1,0
572,Minccino,Normal,,55.0,50.0,40.0,40.0,40.0,75.0,0.4,5.8,0
573,Cinccino,Normal,,75.0,95.0,60.0,65.0,60.0,115.0,0.5,7.5,0
574,Gothita,Psychic,,45.0,30.0,50.0,55.0,65.0,45.0,0.4,5.8,0
575,Gothorita,Psychic,,60.0,45.0,70.0,75.0,85.0,55.0,0.7,18.0,0
576,Gothitelle,Psychic,,70.0,55.0,95.0,95.0,110.0,65.0,1.5,44.0,0
577,Solosis,Psychic,,45.0,30.0,40.0,105.0,50.0,20.0,0.3,1.0,0
578,Duosion,Psychic,,65.0,40.0,50.0,125.0,60.0,30.0,0.6,8.0,0
579,Reuniclus,Psychic,,110.0,65.0,75.0,125.0,85.0,30.0,1.0,20.1,0
580,Ducklett,Water,Flying,62.0,44.0,50.0,44.0,50.0,55.0,0.5,5.5,0
581,Swanna,Water,Flying,75.0,87.0,63.0,87.0,63.0,98.0,1.3,24.2,0
582,Vanillite,Ice,,36.0,50.0,50.0,65.0,60.0,44.0,0.4,5.7,0
583,Vanillish,Ice,,51.0,65.0,65.0,80.0,75.0,59.0,1.1,41.0,0
584,Vanilluxe,Ice,,71.0,95.0,85.0,110.0,95.0,79.0,1.3,57.5,0
585,Deerling,Normal,Grass,60.0,60.0,50.0,40.0,50.0,75.0,0.6,19.5,0
586,Sawsbuck,Normal,Grass,80.0,100.0,70.0,60.0,70.0,95.0,1.9,92.5,0
587,Emolga,Electric,Flying,55.0,75.0,60.0,75.0,60.0,103.0,0.4,5.0,0
588,Karrablast,Bug,,50.0,75.0,45.0,40.0,45.0,60.0,0.5,5.9,0
589,Escavalier,Bug,Steel,70.0,135.0,105.0,60.0,105.0,20.0,1.0,33.0,0
590,Foongus,Grass,Poison,69.0,55.0,45.0,55.0,55.0,15.0,0.2,1.0,0
591,Amoonguss,Grass,Poison,114.0,85.0,70.0,85.0,80.0,30.0,0.6,10.5,0
592,Frillish,Water,Ghost,55.0,40.0,50.0,65.0,85.0,40.0,1.2,33.0,0
593,Jellicent,Water,Ghost,100.0,60.0,70.0,85.0,105.0,60.0,2.2,135.0,0
594,Alomomola,Water,,165.0,75.0,80.0,40.0,45.0,65.0,1.2,31.6,0
595,Joltik,Bug,Electric,50.0,47.0,50.0,57.0,50.0,65.0,0.1,0.6,0
596,Galvantula,Bug,Electric,70.0,77.0,60.0,97.0,60.0,108.0,0.8,14.3,0
597,Ferroseed,Grass,Steel,44.0,50.0,91.0,24.0,86.0,10.0,0.6,18.8,0
598,Ferrothorn,Grass,Steel,74.0,94.0,131.0,54.0,116.0,20.0,1.0,110.0,0
599,Klink,Steel,,40.0,55.0,70.0,45.0,60.0,30.0,0.3,21.0,0
600,Klang,Steel,,60.0,80.0,95.0,70.0,85.0,50.0,0.6,51.0,0
601,Klinklang,Steel,,60.0,100.0,115.0,70.0,85.0,90.0,0.6,81.0,0
602,Tynamo,Electric,,35.0,55.0,40.0,45.0,40.0,60.0,0.2,0.3,0
603,Eelektrik,Electric,,65.0,85.0,70.0,75.0,70.0,40.0,1.2,22.0,0
604,Eelektross,Electric,,85.0,115.0,80.0,105.0,80.0,50.0,2.1,80.5,0
605,Elgyem,Psychic,,55.0,55.0,55.0,85.0,55.0,30.0,0.5,9.0,0
606,Beheeyem,Psychic,,75.0,75.0,75.0,125.0,95.0,40.0,1.0,34.5,0
607,Litwick,Ghost,Fire,50.0,30.0,55.0,65.0,55.0,20.0,0.3,3.1,0
608,Lampent,Ghost,Fire,60.0,40.0,60.0,95.0,60.0,55.0,0.6,13.0,0
609,Chandelure,Ghost,Fire,60.0,55.0,90.0,145.0,90.0,80.0,1.0,34.3,0
610,Axew,Dragon,,46.0,87.0,60.0,30.0,40.0,57.0,0.6,18.0,0
611,Fraxure,Dragon,,66.0,117.0,70.0,40.0,50.0,67.0,1.0,36.0,0
612,Haxorus,Dragon,,76.0,147.0,90.0,60.0,70.0,97.0,1.8,105.5,0
613,Cubchoo,Ice,,55.0,70.0,40.0,60.0,40.0,40.0,0.5,8.5,0
614,Beartic,Ice,,95.0,130.0,80.0,70.0,80.0,50.0,2.6,260.0,0
615,Cryogonal,Ice,,80.0,50.0,50.0,95.0,135.0,105.0,1.1,148.0,0
616,Shelmet,Bug,,50.0,40.0,85.0,40.0,65.0,25.0,0.4,7.7,0
617,Accelgor,Bug,,80.0,70.0,40.0,100.0,60.0,145.0,0.8,25.3,0
618,Stunfisk,Ground,Electric,109.0,66.0,84.0,81.0,99.0,32.0,0.7,11.0,0
619,Mienfoo,Fighting,,45.0,85.0,50.0,55.0,50.0,65.0,0.9,20.0,0
620,Mienshao,Fighting,,65.0,125.0,60.0,95.0,60.0,105.0,1.4,35.5,0
621,Druddigon,Dragon,,77.0,120.0,90.0,60.0,90.0,48.0,1.6,139.0,0
622,Golett,Ground,Ghost,59.0,74.0,50.0,35.0,50.0,35.0,1.0,92.0,0
623,Golurk,Ground,Ghost,89.0,124.0,80.0,55.0,80.0,55.0,2.8,330.0,0
624,Pawniard,Dark,Steel,45.0,85.0,70.0,40.0,40.0,60.0,0.5,10.2,0
625,Bisharp,Dark,Steel,65.0,125.0,100.0,60.0,70.0,70.0,1.6,70.0,0
626,Bouffalant,Normal,,95.0,110.0,95.0,40.0,95.0,55.0,1.6,94.6,0
627,Rufflet,Normal,Flying,70.0,83.0,50.0,37.0,50.0,60.0,0.5,10.5,0
628,Braviary,Normal,Flying,100.0,123.0,75.0,57.0,75.0,80.0,1.5,41.0,0
629,Vullaby,Dark,Flying,70.0,55.0,75.0,45.0,65.0,60.0,0.5,9.0,0
630,Mandibuzz,Dark,Flying,110.0,65.0,105.0,55.0,95.0,80.0,1.2,39.5,0
631,Heatmor,Fire,,85.0,97.0,66.0,105.0,66.0,65.0,1.4,58.0,0
632,Durant,Bug,Steel,58.0,109.0,112.0,48.0,48.0,109.0,0.3,33.0,0
633,Deino,Dark,Dragon,52.0,65.0,50.0,45.0,50.0,38.0,0.8,17.3,0
634,Zweilous,Dark,Dragon,72.0,85.0,70.0,65.0,70.0,58.0,1.4,50.0,0
635,Hydreigon,Dark,Dragon,92.0,105.0,90.0,125.0,90.0,98.0,1.8,160.0,0
636,Larvesta,Bug,Fire,55.0,85.0,55.0,50.0,55.0,60.0,1.1,28.8,0
637,Volcarona,Bug,Fire,85.0,60.0,65.0,135.0,105.0,100.0,1.6,46.0,0
638,Cobalion,Steel,Fighting,91.0,90.0,129.0,90.0,72.0,108.0,2.1,250.0,1
639,Terrakion,Rock,Fighting,91.0,129.0,90.0,72.0,90.0,108.0,1.9,260.0,1
640,Virizion,Grass,Fighting,91.0,90.0,72.0,90.0,129.0,108.0,2.0,200.0,1
641,Tornadus,Flying,,79.0,115.0,70.0,125.0,80.0,111.0,1.5,63.0,1
642,Thundurus,Electric,Flying,79.0,115.0,70.0,125.0,80.0,111.0,1.5,61.0,1
643,Reshiram,Dragon,Fire,100.0,120.0,100.0,150.0,120.0,90.0,3.2,330.0,1
644,Zekrom,Dragon,Electric,100.0,150.0,120.0,120.0,100.0,90.0,2.9,345.0,1
645,Landorus,Ground,Flying,89.0,125.0,90.0,115.0,80.0,101.0,1.5,68.0,1
646,Kyurem,Dragon,Ice,125.0,130.0,90.0,130.0,90.0,95.0,3.0,325.0,1
647,Keldeo,Water,Fighting,91.0,72.0,90.0,129.0,90.0,108.0,1.4,48.5,1
648,Meloetta,Normal,Psychic,100.0,77.0,77.0,128.0,128.0,90.0,0.6,6.5,1
649,Genesect,Bug,Steel,71.0,120.0,95.0,120.0,95.0,99.0,1.5,82.5,1
650,Chespin,Grass,,56.0,61.0,65.0,48.0,45.0,38.0,0.4,9.0,0
651,Quilladin,Grass,,61.0,78.0,95.0,56.0,58.0,57.0,0.7,29.0,0
652,Chesnaught,Grass,Fighting,88.0,107.0,122.0,74.0,75.0,64.0,1.6,90.0,0
653,Fennekin,Fire,,40.0,45.0,40.0,62.0,60.0,60.0,0.4,9.4,0
654,Braixen,Fire,,59.0,59.0,58.0,90.0,70.0,73.0,1.0,14.5,0
655,Delphox,Fire,Psychic,75.0,69.0,72.0,114.0,100.0,104.0,1.5,39.0,0
656,Froakie,Water,,41.0,56.0,40.0,62.0,44.0,71.0,0.3,7.0,0
657,Frogadier,Water,,54.0,63.0,52.0,83.0,56.0,97.0,0.6,10.9,0
658,Greninja,Water,Dark,72.0,95.0,67.0,103.0,71.0,122.0,1.5,40.0,0
659,Bunnelby,Normal,,38.0,36.0,38.0,32.0,36.0,57.0,0.4,5.0,0
660,Diggersby,Normal,Ground,85.0,56.0,77.0,50.0,77.0,78.0,1.0,42.4,0
661,Fletchling,Normal,Flying,45.0,50.0,43.0,40.0,38.0,62.0,0.3,1.7,0
662,Fletchinder,Fire,Flying,62.0,73.0,55.0,56.0,52.0,84.0,0.7,16.0,0
663,Talonflame,Fire,Flying,78.0,81.0,71.0,74.0,69.0,126.0,1.2,24.5,0
664,Scatterbug,Bug,,38.0,35.0,40.0,27.0,25.0,35.0,0.3,2.5,0
665,Spewpa,Bug,,45.0,22.0,60.0,27.0,30.0,29.0,0.3,8.4,0
666,Vivillon,Bug,Flying,80.0,52.0,50.0,90.0,50.0,89.0,1.2,17.0,0
667,Litleo,Fire,Normal,62.0,50.0,58.0,73.0,54.0,72.0,0.6,13.5,0
668,Pyroar,Fire,Normal,86.0,68.0,72.0,109.0,66.0,106.0,1.5,81.5,0
669,Flabebe,Fairy,,44.0,38.0,39.0,61.0,79.0,42.0,0.1,0.1,0
670,Floette,Fairy,,54.0,45.0,47.0,75.0,98.0,52.0,0.2,0.9,0
671,Florges,Fairy,,78.0,65.0,68.0,112.0,154.0,75.0,1.1,10.0,0
672,Skiddo,Grass,,66.0,65.0,48.0,62.0,57.0,52.0,0.9,31.0,0
673,Gogoat,Grass,,123.0,100.0,62.0,97.0,81.0,68.0,1.7,91.0,0
674,Pancham,Fighting,,67.0,82.0,62.0,46.0,48.0,43.0,0.6,8.0,0
675,Pangoro,Fighting,Dark,95.0,124.0,78.0,69.0,71.0,58.0,2.1,136.0,0
676,Furfrou,Normal,,75.0,80.0,60.0,65.0,90.0,102.0,1.2,28.0,0
677,Espurr,Psychic,,62.0,48.0,54.0,63.0,60.0,68.0,0.3,3.5,0
678,Meowstic,Psychic,,74.0,48.0,76.0,83.0,81.0,104.0,0.6,8.5,0
679,Honedge,Steel,Ghost,45.0,80.0,100.0,35.0,37.0,28.0,0.8,2.0,0
680,Doublade,Steel,Ghost,59.0,110.0,150.0,45.0,49.0,35.0,0.8,4.5,0
681,Aegislash,Steel,Ghost,60.0,150.0,50.0,150.0,50.0,60.0,1.7,53.0,0
682,Spritzee,Fairy,,78.0,52.0,60.0,63.0,65.0,23.0,0.2,0.5,0
683,Aromatisse,Fairy,,101.0,72.0,72.0,99.0,89.0,29.0,0.8,15.5,0
684,Swirlix,Fairy,,62.0,48.0,66.0,59.0,57.0,49.0,0.4,3.5,0
685,Slurpuff,Fairy,,82.0,80.0,86.0,85.0,75.0,72.0,0.8,5.0,0
686,Inkay,Dark,Psychic,53.0,54.0,53.0,37.0,46.0,45.0,0.4,3.5,0
687,Malamar,Dark,Psychic,86.0,92.0,88.0,68.0,75.0,73.0,1.5,47.0,0
688,Binacle,Rock,Water,42.0,52.0,67.0,39.0,56.0,50.0,0.5,31.0,0
689,Barbaracle,Rock,Water,72.0,105.0,115.0,54.0,86.0,68.0,1.3,96.0,0
690,Skrelp,Poison,Water,50.0,60.0,60.0,60.0,60.0,30.0,0.5,7.3,0
691,Dragalge,Poison,Dragon,65.0,75.0,90.0,97.0,123.0,44.0,1.8,81.5,0
692,Clauncher,Water,,50.0,53.0,62.0,58.0,63.0,44.0,0.5,8.3,0
693,Clawitzer,Water,,71.0,73.0,88.0,120.0,89.0,59.0,1.3,35.3,0
694,Helioptile,Electric,Normal,44.0,38.0,33.0,61.0,43.0,70.0,0.5,6.0,0
695,Heliolisk,Electric,Normal,62.0,55.0,52.0,109.0,94.0,109.0,1.0,21.0,0
696,Tyrunt,Rock,Dragon,58.0,89.0,77.0,45.0,45.0,48.0,0.8,26.0,0
697,Tyrantrum,Rock,Dragon,82.0,121.0,119.0,69.0,59.0,71.0,2.5,270.0,0
698,Amaura,Rock,Ice,77.0,59.0,50.0,67.0,63.0,46.0,1.3,25.2,0
699,Aurorus,Rock,Ice,123.0,77.0,72.0,99.0,92.0,58.0,2.7,225.0,0
700,Sylveon,Fairy,,95.0,65.0,65.0,110.0,130.0,60.0,1.0,23.5,0
701,Hawlucha,Fighting,Flying,78.0,92.0,75.0,74.0,63.0,118.0,0.8,21.5,0
702,Dedenne,Electric,Fairy,67.0,58.0,57.0,81.0,67.0,101.0,0.2,2.2,0
703,Carbink,Rock,Fairy,50.0,50.0,150.0,50.0,150.0,50.0,0.3,5.7,0
704,Goomy,Dragon,,45.0,50.0,35.0,55.0,75.0,40.0,0.3,2.8,0
705,Sliggoo,Dragon,,68.0,75.0,53.0,83.0,113.0,60.0,0.8,17.5,0
706,Goodra,Dragon,,90.0,100.0,70.0,110.0,150.0,80.0,2.0,150.5,0
707,Klefki,Steel,Fairy,57.0,80.0,91.0,80.0,87.0,75.0,0.2,3.0,0
708,Phantump,Ghost,Grass,43.0,70.0,48.0,50.0,60.0,38.0,0.4,7.0,0
709,Trevenant,Ghost,Grass,85.0,110.0,76.0,65.0,82.0,56.0,1.5,71.0,0
710,Pumpkaboo,Ghost,Grass,49.0,66.0,70.0,44.0,55.0,51.0,0.4,5.0,0
711,Gourgeist,Ghost,Grass,65.0,90.0,122.0,58.0,75.0,84.0,0.9,12.5,0
712,Bergmite,Ice,,55.0,69.0,85.0,32.0,35.0,28.0,1.0,99.5,0
713,Avalugg,Ice,,95.0,117.0,184.0,44.0,46.0,28.0,2.0,505.0,0
714,Noibat,Flying,Dragon,40.0,30.0,35.0,45.0,40.0,55.0,0.5,8.0,0
715,Noivern,Flying,Dragon,85.0,70.0,80.0,97.0,80.0,123.0,1.5,85.0,0
716,Xerneas,Fairy,,126.0,131.0,95.0,131.0,98.0,99.0,3.0,215.0,1
717,Yveltal,Dark,Flying,126.0,131.0,95.0,131.0,98.0,99.0,5.8,203.0,1
718,Zygarde,Dragon,Ground,108.0,100.0,121.0,81.0,95.0,95.0,5.0,305.0,1
719,Diancie,Rock,Fairy,50.0,100.0,150.0,100.0,150.0,50.0,0.7,8.8,1
720,Hoopa,Psychic,Ghost,80.0,110.0,60.0,150.0,130.0,70.0,0.5,9.0,1
721,Volcanion,Fire,Water,80.0,110.0,120.0,130.0,90.0,70.0,1.7,195.0,1
722,Rowlet,Grass,Flying,68.0,55.0,55.0,50.0,50.0,42.0,0.3,1.5,0
723,Dartrix,Grass,Flying,78.0,75.0,75.0,70.0,70.0,52.0,0.7,16.0,0
724,Decidueye,Grass,Ghost,78.0,107.0,75.0,100.0,100.0,70.0,1.6,36.6,0
725,Litten,Fire,,45.0,65.0,40.0,60.0,40.0,70.0,0.4,4.3,0
726,Torracat,Fire,,65.0,85.0,50.0,80.0,50.0,90.0,0.7,25.0,0
727,Incineroar,Fire,Dark,95.0,115.0,90.0,80.0,90.0,60.0,1.8,83.0,0
728,Popplio,Water,,50.0,54.0,54.0,66.0,56.0,40.0,0.4,7.5,0
729,Brionne,Water,,60.0,69.0,69.0,91.0,81.0,50.0,0.6,17.5,0
730,Primarina,Water,Fairy,80.0,74.0,74.0,126.0,116.0,60.0,1.8,44.0,0
731,Pikipek,Normal,Flying,35.0,75.0,30.0,30.0,30.0,65.0,0.3,1.2,0
732,Trumbeak,Normal,Flying,55.0,85.0,50.0,40.0,50.0,75.0,0.6,14.8,0
733,Toucannon,Normal,Flying,80.0,120.0,75.0,75.0,75.0,60.0,1.1,26.0,0
734,Yungoos,Normal,,48.0,70.0,30.0,30.0,30.0,45.0,0.4,6.0,0
735,Gumshoos,Normal,,88.0,110.0,60.0,55.0,60.0,45.0,0.7,14.2,0
736,Grubbin,Bug,,47.0,62.0,45.0,55.0,45.0,46.0,0.4,4.4,0
737,Charjabug,Bug,Electric,57.0,82.0,95.0,55.0,75.0,36.0,0.5,10.5,0
738,Vikavolt,Bug,Electric,77.0,70.0,90.0,145.0,75.0,43.0,1.5,45.0,0
739,Crabrawler,Fighting,,47.0,82.0,57.0,42.0,47.0,63.0,0.6,7.0,0
740,Crabominable,Fighting,Ice,97.0,132.0,77.0,62.0,67.0,43.0,1.7,180.0,0
741,Oricorio,Fire,Flying,75.0,70.0,70.0,98.0,70.0,93.0,0.6,3.4,0
742,Cutiefly,Bug,Fairy,40.0,45.0,40.0,55.0,40.0,84.0,0.1,0.2,0
743,Ribombee,Bug,Fairy,60.0,55.0,60.0,95.0,70.0,124.0,0.2,0.5,0
744,Rockruff,Rock,,45.0,65.0,40.0,30.0,40.0,60.0,0.5,9.2,0
745,Lycanroc,Rock,,75.0,115.0,65.0,55.0,65.0,112.0,0.8,25.0,0
746,Wishiwashi,Water,,45.0,20.0,20.0,25.0,25.0,40.0,0.2,0.3,0
747,Mareanie,Poison,Water,50.0,53.0,62.0,43.0,52.0,45.0,0.4,8.0,0
748,Toxapex,Poison,Water,50.0,63.0,152.0,53.0,142.0,35.0,0.7,14.5,0
749,Mudbray,Ground,,70.0,100.0,70.0,45.0,55.0,45.0,1.0,110.0,0
750,Mudsdale,Ground,,100.0,125.0,100.0,55.0,85.0,35.0,2.5,920.0,0
751,Dewpider,Water,Bug,38.0,40.0,52.0,40.0,72.0,27.0,0.3,4.0,0
752,Araquanid,Water,Bug,68.0,70.0,92.0,50.0,132.0,42.0,1.8,82.0,0
753,Fomantis,Grass,,40.0,55.0,35.0,50.0,35.0,35.0,0.3,1.5,0
754,Lurantis,Grass,,70.0,105.0,90.0,80.0,90.0,45.0,0.9,18.5,0
755,Morelull,Grass,Fairy,40.0,35.0,55.0,65.0,75.0,15.0,0.2,1.5,0
756,Shiinotic,Grass,Fairy,60.0,45.0,80.0,90.0,100.0,30.0,1.0,11.5,0
757,Salandit,Poison,Fire,48.0,44.0,40.0,71.0,40.0,77.0,0.6,4.8,0
758,Salazzle,Poison,Fire,68.0,64.0,60.0,111.0,60.0,117.0,1.2,22.2,0
759,Stufful,Normal,Fighting,70.0,75.0,50.0,45.0,50.0,50.0,0.5,6.8,0
760,Bewear,Normal,Fighting,120.0,125.0,80.0,55.0,60.0,60.0,2.1,135.0,0
761,Bounsweet,Grass,,42.0,30.0,38.0,30.0,38.0,32.0,0.3,3.2,0
762,Steenee,Grass,,52.0,40.0,48.0,40.0,48.0,62.0,0.7,8.2,0
763,Tsareena,Grass,,72.0,120.0,98.0,50.0,98.0,72.0,1.2,21.4,0
764,Comfey,Fairy,,51.0,52.0,90.0,82.0,110.0,100.0,0.1,0.3,0
765,Oranguru,Normal,Psychic,90.0,60.0,80.0,90.0,110.0,60.0,1.5,76.0,0
766,Passimian,Fighting,,100.0,120.0,90.0,40.0,60.0,80.0,2.0,82.8,0
767,Wimpod,Bug,Water,25.0,35.0,40.0,20.0,30.0,80.0,0.5,12.0,0
768,Golisopod,Bug,Water,75.0,125.0,140.0,60.0,90.0,40.0,2.0,108.0,0
769,Sandygast,Ghost,Ground,55.0,55.0,80.0,70.0,45.0,15.0,0.5,70.0,0
770,Palossand,Ghost,Ground,85.0,75.0,110.0,100.0,75.0,35.0,1.3,250.0,0
771,Pyukumuku,Water,,55.0,60.0,130.0,30.0,130.0,5.0,0.3,1.2,0
772,Type: Null,Normal,,95.0,95.0,95.0,95.0,95.0,59.0,1.9,120.5,1
773,Silvally,Normal,,95.0,95.0,95.0,95.0,95.0,95.0,2.3,100.5,1
774,Minior,Rock,Flying,60.0,60.0,100.0,60.0,100.0,60.0,0.3,40.0,0
775,Komala,Normal,,65.0,115.0,65.0,75.0,95.0,65.0,0.4,19.9,0
776,Turtonator,Fire,Dragon,60.0,78.0,135.0,91.0,85.0,36.0,2.0,212.0,0
777,Togedemaru,Electric,Steel,65.0,98.0,63.0,40.0,73.0,96.0,0.3,3.3,0
778,Mimikyu,Ghost,Fairy,55.0,90.0,80.0,50.0,105.0,96.0,0.2,0.7,0
779,Bruxish,Water,Psychic,68.0,105.0,70.0,70.0,70.0,92.0,0.9,19.0,0
780,Drampa,Normal,Dragon,78.0,60.0,85.0,135.0,91.0,36.0,3.0,185.0,0
781,Dhelmise,Ghost,Grass,70.0,131.0,100.0,86.0,90.0,40.0,3.9,210.0,0
782,Jangmo-o,Dragon,,45.0,55.0,65.0,45.0,45.0,45.0,0.6,29.7,0
783,Hakamo-o,Dragon,Fighting,55.0,75.0,90.0,65.0,70.0,65.0,1.2,47.0,0
784,Kommo-o,Dragon,Fighting,75.0,110.0,125.0,100.0,105.0,85.0,1.6,78.2,0
785,Tapu Koko,Electric,Fairy,70.0,115.0,85.0,95.0,75.0,130.0,1.8,20.5,1
786,Tapu Lele,Psychic,Fairy,70.0,85.0,75.0,130.0,115.0,95.0,1.2,18.6,1
787,Tapu Bulu,Grass,Fairy,70.0,130.0,115.0,85.0,95.0,75.0,1.9,45.5,1
788,Tapu Fini,Water,Fairy,70.0,75.0,115.0,95.0,130.0,85.0,1.3,21.2,1
789,Cosmog,Psychic,,43.0,29.0,31.0,29.0,31.0,37.0,0.2,0.1,1
790,Cosmoem,Psychic,,43.0,29.0,131.0,29.0,131.0,37.0,0.1,999.9,1
791,Solgaleo,Psychic,Steel,137.0,137.0,107.0,113.0,89.0,97.0,3.4,230.0,1
792,Lunala,Psychic,Ghost,137.0,113.0,89.0,137.0,107.0,97.0,4.0,120.0,1
793,Nihilego,Rock,Poison,109.0,53.0,47.0,127.0,131.0,103.0,1.2,55.5,1
794,Buzzwole,Bug,Fighting,107.0,139.0,139.0,53.0,53.0,79.0,2.4,333.6,1
795,Pheromosa,Bug,Fighting,71.0,137.0,37.0,137.0,37.0,151.0,1.8,25.0,1
796,Xurkitree,Electric,,83.0,89.0,71.0,173.0,71.0,83.0,3.8,100.0,1
797,Celesteela,Steel,Flying,97.0,101.0,103.0,107.0,101.0,61.0,9.2,999.9,1
798,Kartana,Grass,Steel,59.0,181.0,131.0,59.0,31.0,109.0,0.3,0.1,1
799,Guzzlord,Dark,Dragon,223.0,101.0,53.0,97.0,53.0,43.0,5.5,888.0,1
800,Necrozma,Psychic,,97.0,107.0,101.0,127.0,89.0,79.0,2.4,230.0,1
801,Magearna,Steel,Fairy,80.0,95.0,115.0,130.0,115.0,65.0,1.0,80.5,1
802,Marshadow,Fighting,Ghost,90.0,125.0,80.0,90.0,90.0,125.0,0.7,22.2,1
803,Poipole,Poison,,67.0,73.0,67.0,73.0,67.0,73.0,0.6,1.8,1
804,Naganadel,Poison,Dragon,73.0,73.0,73.0,127.0,73.0,121.0,3.6,150.0,1
805,Stakataka,Rock,Steel,61.0,131.0,211.0,53.0,101.0,13.0,5.5,820.0,1
806,Blacephalon,Fire,Ghost,53.0,127.0,53.0,151.0,79.0,107.0,1.8,13.0,1
807,Zeraora,Electric,,88.0,112.0,75.0,102.0,80.0,143.0,1.5,44.5,1
808,Meltan,Steel,,46.0,65.0,65.0,55.0,35.0,34.0,0.2,8.0,1
809,Melmetal,Steel,,135.0,143.0,143.0,80.0,65.0,34.0,2.5,800.0,1
